Date,Close
2015-03-02,105.89
2015-03-03,106.35
2015-03-04,105.57
2015-03-05,105.03
2015-03-06,103.82
2015-03-09,105.26
2015-03-10,103.09
2015-03-11,102.89
2015-03-12,107.17
2015-03-13,106.44
2015-03-16,107.37
2015-03-17,106.96
2015-03-18,107.97
2015-03-19,107.37
2015-03-20,108.43
2015-03-23,108.22
2015-03-24,107.11
2015-03-25,105
2015-03-26,105.24
2015-03-27,105.48
2015-03-30,106.12
2015-03-31,104.89
2015-04-01,105.44
2015-04-02,106
2015-04-06,105.63
2015-04-07,105.43
2015-04-08,106.36
2015-04-09,106.77
2015-04-10,106.95
2015-04-13,106.51
2015-04-14,106.66
2015-04-15,106.98
2015-04-16,108.1
2015-04-17,106.69
2015-04-20,108.22
2015-04-21,107.68
2015-04-22,107.94
2015-04-23,109
2015-04-24,109.53
2015-04-27,110.16
2015-04-28,109.92
2015-04-29,109.81
2015-04-30,108.72
2015-05-01,110.52
2015-05-04,111.03
2015-05-05,110.81
2015-05-06,109.72
2015-05-07,109.26
2015-05-08,110.11
2015-05-11,108.6
2015-05-12,109.24
2015-05-13,109.19
2015-05-14,109.93
2015-05-15,110.3
2015-05-18,110.33
2015-05-19,110.56
2015-05-20,110.2
2015-05-21,110.39
2015-05-22,110.26
2015-05-26,109.44
2015-05-27,110.37
2015-05-28,110.53
2015-05-29,110.37
2015-06-01,110.96
2015-06-02,110.75
2015-06-03,111.17
2015-06-04,110.3
2015-06-05,110.3
2015-06-08,109.29
2015-06-09,108.52
2015-06-10,110
2015-06-11,110.62
2015-06-12,109.95
2015-06-15,110.18
2015-06-16,111.06
2015-06-17,111.49
2015-06-18,113.22
2015-06-19,112.62
2015-06-22,113.53
2015-06-23,114.41
2015-06-24,113.77
2015-06-25,114.45
2015-06-26,114.99
2015-06-29,113.05
2015-06-30,114.14
2015-07-01,115.13
2015-07-02,114.97
2015-07-06,115.7
2015-07-07,117.1
2015-07-08,115.19
2015-07-09,115.6
2015-07-10,116.44
2015-07-13,118.05
2015-07-14,117.85
2015-07-15,118.3
2015-07-16,119.07
2015-07-17,118.86
2015-07-20,119.58
2015-07-21,119.31
2015-07-22,119.33
2015-07-23,118.8
2015-07-24,118.91
2015-07-27,118.25
2015-07-28,118.46
2015-07-29,119.84
2015-07-30,120.03
2015-07-31,120
2015-08-03,121.12
2015-08-04,121.69
2015-08-05,110.53
2015-08-06,108.55
2015-08-07,109.35
2015-08-10,111
2015-08-11,108
2015-08-12,106.99
2015-08-13,107.52
2015-08-14,107.16
2015-08-17,109.05
2015-08-18,106.94
2015-08-19,106.45
2015-08-20,100.02
2015-08-21,98.84
2015-08-24,95.36
2015-08-25,95.89
2015-08-26,99.23
2015-08-27,102.17
2015-08-28,102.48
2015-08-31,101.88
2015-09-01,99.51
2015-09-02,101.89
2015-09-03,101.99
2015-09-04,100.97
2015-09-08,104.01
2015-09-09,101.91
2015-09-10,102.6
2015-09-11,104.48
2015-09-14,103.82
2015-09-15,103.43
2015-09-16,103.96
2015-09-17,104.2
2015-09-18,102.84
2015-09-21,103.41
2015-09-22,102.49
2015-09-23,101.57
2015-09-24,100.62
2015-09-25,100.3
2015-09-28,98.49
2015-09-29,99.42
2015-09-30,102.2
2015-10-01,102.67
2015-10-02,103
2015-10-05,103.85
2015-10-06,103.77
2015-10-07,103.39
2015-10-08,104.61
2015-10-09,105.56
2015-10-12,106.35
2015-10-13,106.59
2015-10-14,105.73
2015-10-15,107.89
2015-10-16,108.24
2015-10-19,109.47
2015-10-20,109.84
2015-10-21,110.09
2015-10-22,113.25
2015-10-23,113.09
2015-10-26,113.52
2015-10-27,113.77
2015-10-28,114.34
2015-10-29,115.04
2015-10-30,113.74
2015-11-02,115.04
2015-11-03,115.54
2015-11-04,113.25
2015-11-05,113
2015-11-06,115.67
2015-11-09,116.42
2015-11-10,117.42
2015-11-11,116.52
2015-11-12,116.21
2015-11-13,114.84
2015-11-16,115.92
2015-11-17,116.13
2015-11-18,118.14
2015-11-19,118.71
2015-11-20,120.07
2015-11-23,119.42
2015-11-24,117.95
2015-11-25,118.67
2015-11-27,115.13
2015-11-30,113.47
2015-12-01,115.39
2015-12-02,114
2015-12-03,111.89
2015-12-04,114.24
2015-12-07,113.83
2015-12-08,112.48
2015-12-09,111.47
2015-12-10,110.76
2015-12-11,108.04
2015-12-14,109.35
2015-12-15,112.16
2015-12-16,113.79
2015-12-17,112.01
2015-12-18,107.72
2015-12-21,106.59
2015-12-22,106.74
2015-12-23,105.56
2015-12-24,105.86
2015-12-28,107.25
2015-12-29,107.08
2015-12-30,106.34
2015-12-31,105.08
2016-01-04,102.98
2016-01-05,100.9
2016-01-06,100.36
2016-01-07,99.5
2016-01-08,99.25
2016-01-11,99.92
2016-01-12,101.46
2016-01-13,98.48
2016-01-14,99.11
2016-01-15,93.9
2016-01-19,93.97
2016-01-20,92.54
2016-01-21,94.02
2016-01-22,96.9
2016-01-25,95.29
2016-01-26,96.27
2016-01-27,94.32
2016-01-28,93.53
2016-01-29,95.82
2016-02-01,95.15
2016-02-02,93.12
2016-02-03,95.14
2016-02-04,95.43
2016-02-05,93.9
2016-02-08,92.12
2016-02-09,92.32
2016-02-10,88.85
2016-02-11,90.31
2016-02-12,91.15
2016-02-16,92.91
2016-02-17,95.5
2016-02-18,95.17
2016-02-19,95.01
2016-02-22,96.37
2016-02-23,95.38
2016-02-24,95.43
2016-02-25,95.65
2016-02-26,95.31
2016-02-29,95.52
2016-03-01,97.65
2016-03-02,97
2016-03-03,98.82
2016-03-04,98.48
2016-03-07,99.39
2016-03-08,97.82
2016-03-09,97.66
2016-03-10,97.04
2016-03-11,97.94
2016-03-14,98.81
2016-03-15,98.24
2016-03-16,98.44
2016-03-17,99.6
2016-03-18,99.2
2016-03-21,98.46
2016-03-22,97.58
2016-03-23,96.83
2016-03-24,97.22
2016-03-28,98.09
2016-03-29,98.16
2016-03-30,98.91
2016-03-31,99.31
2016-04-01,99.07
2016-04-04,98.68
2016-04-05,97
2016-04-06,97.48
2016-04-07,96.16
2016-04-08,96.42
2016-04-11,96.27
2016-04-12,97.35
2016-04-13,99.48
2016-04-14,98.63
2016-04-15,98.59
2016-04-18,101.48
2016-04-19,102.64
2016-04-20,103.27
2016-04-21,102.91
2016-04-22,103.77
2016-04-25,104.57
2016-04-26,104.89
2016-04-27,105.28
2016-04-28,104.03
2016-04-29,103.26
2016-05-02,104.36
2016-05-03,103.78
2016-05-04,103.67
2016-05-05,104.93
2016-05-06,105.54
2016-05-09,105.34
2016-05-10,106.6
2016-05-11,102.29
2016-05-12,101.71
2016-05-13,100.52
2016-05-16,100.36
2016-05-17,99.94
2016-05-18,99
2016-05-19,98.41
2016-05-20,99.78
2016-05-23,99.18
2016-05-24,99.51
2016-05-25,99.86
2016-05-26,99.81
2016-05-27,100.29
2016-05-31,99.22
2016-06-01,98.52
2016-06-02,98.72
2016-06-03,98.75
2016-06-06,98.78
2016-06-07,98.35
2016-06-08,98.04
2016-06-09,97.84
2016-06-10,97.34
2016-06-13,97.57
2016-06-14,98.4
2016-06-15,98.27
2016-06-16,98.38
2016-06-17,99
2016-06-20,99.57
2016-06-21,98.82
2016-06-22,98.79
2016-06-23,99.02
2016-06-24,95.72
2016-06-27,94.38
2016-06-28,96.05
2016-06-29,96.98
2016-06-30,97.82
2016-07-01,98.03
2016-07-05,97.66
2016-07-06,98.45
2016-07-07,98.41
2016-07-08,99.62
2016-07-11,99.98
2016-07-12,100.2
2016-07-13,99.88
2016-07-14,99.97
2016-07-15,99.8
2016-07-18,100.15
2016-07-19,99.47
2016-07-20,98.22
2016-07-21,98.01
2016-07-22,97.71
2016-07-25,97.39
2016-07-26,96.69
2016-07-27,96.33
2016-07-28,95.91
2016-07-29,95.95
2016-08-01,95.54
2016-08-02,95.01
2016-08-03,96.09
2016-08-04,95.16
2016-08-05,95.83
2016-08-08,95.75
2016-08-09,96.67
2016-08-10,97.86
2016-08-11,97.77
2016-08-12,96.84
2016-08-15,97.1
2016-08-16,96.88
2016-08-17,96.87
2016-08-18,96.65
2016-08-19,96.39
2016-08-22,95.87
2016-08-23,95.97
2016-08-24,95.82
2016-08-25,95.55
2016-08-26,95.21
2016-08-29,94.87
2016-08-30,94.86
2016-08-31,94.46
2016-09-01,94.26
2016-09-02,94.42
2016-09-06,93.8
2016-09-07,93.71
2016-09-08,94.09
2016-09-09,92.42
2016-09-12,93.64
2016-09-13,92.7
2016-09-14,92.26
2016-09-15,92.5
2016-09-16,92.56
2016-09-19,92.63
2016-09-20,92.95
2016-09-21,92.39
2016-09-22,93.41
2016-09-23,93.27
2016-09-26,91.96
2016-09-27,91.72
2016-09-28,92.2
2016-09-29,91.8
2016-09-30,92.86
2016-10-03,92.49
2016-10-04,92.59
2016-10-05,92.45
2016-10-06,92.83
2016-10-07,92.49
2016-10-10,92.49
2016-10-11,91.86
2016-10-12,91.41
2016-10-13,91.12
2016-10-14,91.3
2016-10-17,90.83
2016-10-18,91.17
2016-10-19,91.93
2016-10-20,92.03
2016-10-21,93.03
2016-10-24,93.37
2016-10-25,92.75
2016-10-26,93.49
2016-10-27,94.02
2016-10-28,93.85
2016-10-31,92.69
2016-11-01,92.39
2016-11-02,91.91
2016-11-03,93.37
2016-11-04,92.45
2016-11-07,94.43
2016-11-08,94.38
2016-11-09,94.64
2016-11-10,94.96
2016-11-11,97.68
2016-11-14,97.92
2016-11-15,97.7
2016-11-16,99.12
2016-11-17,99.37
2016-11-18,98.24
2016-11-21,97.63
2016-11-22,97.71
2016-11-23,98.26
2016-11-25,98.82
2016-11-28,98.97
2016-11-29,99.67
2016-11-30,99.12
2016-12-01,98.94
2016-12-02,98.5
2016-12-05,99.96
2016-12-06,100.66
2016-12-07,101.99
2016-12-08,103.38
2016-12-09,104.86
2016-12-12,104.06
2016-12-13,103.85
2016-12-14,104.05
2016-12-15,104.39
2016-12-16,103.91
2016-12-19,105.3
2016-12-20,105.46
2016-12-21,105.56
2016-12-22,105.42
2016-12-23,105.15
2016-12-27,105.17
2016-12-28,104.3
2016-12-29,104.56
2016-12-30,104.22
2017-01-03,106.08
2017-01-04,107.44
2017-01-05,107.38
2017-01-06,108.98
2017-01-09,108.36
2017-01-10,108.38
2017-01-11,109.44
2017-01-12,107.53
2017-01-13,108.06
2017-01-17,107.97
2017-01-18,108.16
2017-01-19,107.28
2017-01-20,107.66
2017-01-23,107.12
2017-01-24,107.9
2017-01-25,108.04
2017-01-26,108.06
2017-01-27,109.3
2017-01-30,110.94
2017-01-31,110.65
2017-02-01,111.3
2017-02-02,110.61
2017-02-03,110.3
2017-02-06,109.57
2017-02-07,109
2017-02-08,109
2017-02-09,109.49
2017-02-10,109.26
2017-02-13,109.65
2017-02-14,110.33
2017-02-15,110.18
2017-02-16,110.71
2017-02-17,110.06
2017-02-21,110.01
2017-02-22,110.12
2017-02-23,109.73
2017-02-24,110.32
2017-02-27,110.23
2017-02-28,110.09
2017-03-01,111.04
2017-03-02,110.59
2017-03-03,111.24
2017-03-06,110.67
2017-03-07,110.86
2017-03-08,110.84
2017-03-09,111.03
2017-03-10,110.92
2017-03-13,111.52
2017-03-14,112.31
2017-03-15,111.87
2017-03-16,111.71
2017-03-17,111.76
2017-03-20,112.71
2017-03-21,111.75
2017-03-22,112.08
2017-03-23,112.24
2017-03-24,112.14
2017-03-27,112.38
2017-03-28,113.05
2017-03-29,112.53
2017-03-30,113.18
2017-03-31,113.39
2017-04-03,113.2
2017-04-04,113.04
2017-04-05,113
2017-04-06,113.05
2017-04-07,112.58
2017-04-10,112.43
2017-04-11,113.07
2017-04-12,113.04
2017-04-13,113.2
2017-04-17,113.78
2017-04-18,114.19
2017-04-19,113.73
2017-04-20,114.79
2017-04-21,114.44
2017-04-24,113.7
2017-04-25,115.18
2017-04-26,115.58
2017-04-27,115.84
2017-04-28,115.6
2017-05-01,114.73
2017-05-02,114.37
2017-05-03,111.62
2017-05-04,111.17
2017-05-05,111.99
2017-05-08,111.42
2017-05-09,112.07
2017-05-10,109.66
2017-05-11,109.58
2017-05-12,109.69
2017-05-15,109.13
2017-05-16,107.98
2017-05-17,106.31
2017-05-18,106.68
2017-05-19,107.52
2017-05-22,107.63
2017-05-23,107.02
2017-05-24,107.71
2017-05-25,107.27
2017-05-26,108.41
2017-05-30,108.34
2017-05-31,107.94
2017-06-01,108.21
2017-06-02,107.18
2017-06-05,106.52
2017-06-06,105.5
2017-06-07,105.92
2017-06-08,104.32
2017-06-09,105.62
2017-06-12,107.04
2017-06-13,106.56
2017-06-14,106.14
2017-06-15,105.98
2017-06-16,105.51
2017-06-19,105.37
2017-06-20,103.94
2017-06-21,104.8
2017-06-22,104.22
2017-06-23,104.36
2017-06-26,105.57
2017-06-27,105.41
2017-06-28,106.86
2017-06-29,105.71
2017-06-30,106.25
2017-07-03,107.46
2017-07-05,105.63
2017-07-06,103.35
2017-07-07,103.32
2017-07-10,103.59
2017-07-11,103.84
2017-07-12,104.38
2017-07-13,104.29
2017-07-14,105.09
2017-07-17,104.79
2017-07-18,105.75
2017-07-19,106.82
2017-07-20,107.36
2017-07-21,107.09
2017-07-24,107
2017-07-25,106.42
2017-07-26,106.94
2017-07-27,110
2017-07-28,109.96
2017-07-31,109.93
2017-08-01,110.61
2017-08-02,108.67
2017-08-03,109.12
2017-08-04,107.69
2017-08-07,106.35
2017-08-08,106.98
2017-08-09,102.83
2017-08-10,101.35
2017-08-11,101.99
2017-08-14,101.4
2017-08-15,101.51
2017-08-16,102.2
2017-08-17,101.38
2017-08-18,100.7
2017-08-21,101.17
2017-08-22,102.77
2017-08-23,101.5
2017-08-24,101.52
2017-08-25,102.41
2017-08-28,102.56
2017-08-29,102.57
2017-08-30,102.87
2017-08-31,101.2
2017-09-01,101.5
2017-09-05,101.6
2017-09-06,101.5
2017-09-07,97.06
2017-09-08,97.07
2017-09-11,97.09
2017-09-12,97.89
2017-09-13,98.82
2017-09-14,97.9
2017-09-15,98.52
2017-09-18,98.1
2017-09-19,98.43
2017-09-20,99.21
2017-09-21,98.89
2017-09-22,98.6
2017-09-25,99.57
2017-09-26,98.63
2017-09-27,99.24
2017-09-28,98.05
2017-09-29,98.57
2017-10-02,99.86
2017-10-03,100.79
2017-10-04,100.55
2017-10-05,100.11
2017-10-06,100.07
2017-10-09,99.57
2017-10-10,99.58
2017-10-11,98.55
2017-10-12,96.93
2017-10-13,97.38
2017-10-16,98.13
2017-10-17,98.36
2017-10-18,98.25
2017-10-19,99.01
2017-10-20,99.4
2017-10-23,98.7
2017-10-24,98.29
2017-10-25,97.8
2017-10-26,98.56
2017-10-27,98.31
2017-10-30,98.04
2017-10-31,97.81
2017-11-01,99.03
2017-11-02,98.35
2017-11-03,98.64
2017-11-06,100.64
2017-11-07,101.61
2017-11-08,101.18
2017-11-09,102.68
2017-11-10,104.78
2017-11-13,104.74
2017-11-14,103.17
2017-11-15,103.69
2017-11-16,103.6
2017-11-17,103.44
2017-11-20,102.75
2017-11-21,103
2017-11-22,102.74
2017-11-24,102.64
2017-11-27,102.79
2017-11-28,103.41
2017-11-29,105.24
2017-11-30,104.82
2017-12-01,105.25
2017-12-04,110.22
2017-12-05,107.22
2017-12-06,105.46
2017-12-07,105.26
2017-12-08,104.23
2017-12-11,106.83
2017-12-12,107.43
2017-12-13,107.61
2017-12-14,110.57
2017-12-15,111.27
2017-12-18,111.03
2017-12-19,111.81
2017-12-20,109.69
2017-12-21,109.57
2017-12-22,108.67
2017-12-26,108.12
2017-12-27,107.64
2017-12-28,107.77
2017-12-29,107.51
2018-01-02,111.8
2018-01-03,112.28
2018-01-04,112.23
2018-01-05,111.62
2018-01-08,110.02
2018-01-09,109.94
2018-01-10,109.47
2018-01-11,110.99
2018-01-12,112.47
2018-01-16,110.69
2018-01-17,111.97
2018-01-18,110.42
2018-01-19,110.59
2018-01-22,111.1
2018-01-23,110.41
2018-01-24,110.5
2018-01-25,110.55
2018-01-26,112.19
2018-01-29,111.54
2018-01-30,110.11
2018-01-31,108.67
2018-02-01,110.49
2018-02-02,108.7
2018-02-05,104.7
2018-02-06,106.17
2018-02-07,104.76
2018-02-08,101.35
2018-02-09,103.09
2018-02-12,103.39
2018-02-13,104.12
2018-02-14,104.6
2018-02-15,105.18
2018-02-16,106.53
2018-02-20,105.98
2018-02-21,105.05
2018-02-22,105.24
2018-02-23,107.25
2018-02-26,109.81
2018-02-27,104.87
2018-02-28,103.16
2018-03-01,102.57
2018-03-02,102.99
2018-03-05,103.41
2018-03-06,104.94
2018-03-07,103.59
2018-03-08,104.03
2018-03-09,104.73
2018-03-12,105.17
2018-03-13,103.73
2018-03-14,103.9
2018-03-15,103.24
2018-03-16,102.87
2018-03-19,101.48
2018-03-20,101.35
2018-03-21,101.82
2018-03-22,100.6
2018-03-23,98.54
2018-03-26,100.65
2018-03-27,99.36
2018-03-28,98.54
2018-03-29,100.44
2018-04-02,98.66
2018-04-03,99.42
2018-04-04,100.95
2018-04-05,102.11
2018-04-06,100.35
2018-04-09,99.7
2018-04-10,101.37
2018-04-11,100.8
2018-04-12,100.39
2018-04-13,100.35
2018-04-16,100.24
2018-04-17,102.17
2018-04-18,101.21
2018-04-19,100.89
2018-04-20,100.24
2018-04-23,100.15
2018-04-24,99.46
2018-04-25,101.15
2018-04-26,99.84
2018-04-27,99.23
2018-04-30,100.33
2018-05-01,100.06
2018-05-02,99.62
2018-05-03,98.76
2018-05-04,101.15
2018-05-07,102.48
2018-05-08,101.79
2018-05-09,99.97
2018-05-10,101.68
2018-05-11,102.07
2018-05-14,102.44
2018-05-15,102.92
2018-05-16,105.04
2018-05-17,104.34
2018-05-18,103.93
2018-05-21,104.06
2018-05-22,104.07
2018-05-23,102.89
2018-05-24,102.11
2018-05-25,102.2
2018-05-29,99.69
2018-05-30,99.98
2018-05-31,99.47
2018-06-01,99.36
2018-06-04,100.24
2018-06-05,99.94
2018-06-06,101.91
2018-06-07,102.47
2018-06-08,103.98
2018-06-11,104.35
2018-06-12,104.33
2018-06-13,106.31
2018-06-14,108.75
2018-06-15,108.85
2018-06-18,107.06
2018-06-19,106.1
2018-06-20,107.15
2018-06-21,105.89
2018-06-22,106.34
2018-06-25,104.45
2018-06-26,104.26
2018-06-27,103.96
2018-06-28,104.77
2018-06-29,104.81
2018-07-02,105.33
2018-07-03,104.04
2018-07-05,105.34
2018-07-06,104.78
2018-07-09,106.02
2018-07-10,106.03
2018-07-11,108.04
2018-07-12,108.25
2018-07-13,110
2018-07-16,110.2
2018-07-17,110.3
2018-07-18,110.69
2018-07-19,112.13
2018-07-20,111.48
2018-07-23,111.09
2018-07-24,110.7
2018-07-25,111.18
2018-07-26,113.51
2018-07-27,112.62
2018-07-30,112.63
2018-07-31,113.56
2018-08-01,112.97
2018-08-02,112.75
2018-08-03,114.09
2018-08-06,115.94
2018-08-07,116.56
2018-08-08,113.98
2018-08-09,114.16
2018-08-10,112.68
2018-08-13,112.12
2018-08-14,112.75
2018-08-15,112.85
2018-08-16,112.48
2018-08-17,112.48
2018-08-20,111.99
2018-08-21,112.39
2018-08-22,111.94
2018-08-23,112
2018-08-24,111.93
2018-08-27,112.33
2018-08-28,112.58
2018-08-29,112.45
2018-08-30,111.92
2018-08-31,112.02
2018-09-04,110.85
2018-09-05,109.87
2018-09-06,110.26
2018-09-07,110.97
2018-09-10,110.68
2018-09-11,109.6
2018-09-12,109.46
2018-09-13,110.67
2018-09-14,109.26
2018-09-17,109.36
2018-09-18,109.53
2018-09-19,109.79
2018-09-20,111.62
2018-09-21,110.4
2018-09-24,112.77
2018-09-25,113.63
2018-09-26,115.21
2018-09-27,116.04
2018-09-28,116.94
2018-10-01,116.24
2018-10-02,117.66
2018-10-03,116.91
2018-10-04,116.13
2018-10-05,114.78
2018-10-08,116.02
2018-10-09,116.89
2018-10-10,112.86
2018-10-11,111.15
2018-10-12,112.61
2018-10-15,113.44
2018-10-16,116.19
2018-10-17,117.13
2018-10-18,116.18
2018-10-19,118.9
2018-10-22,118.27
2018-10-23,117.85
2018-10-24,111.61
2018-10-25,114.16
2018-10-26,113.19
2018-10-29,113.04
2018-10-30,114.76
2018-10-31,114.83
2018-11-01,116.1
2018-11-02,115.18
2018-11-05,115.45
2018-11-06,116.71
2018-11-07,117.05
2018-11-08,116
2018-11-09,118
2018-11-12,116.7
2018-11-13,116.85
2018-11-14,117.12
2018-11-15,117.11
2018-11-16,116.19
2018-11-19,115.42
2018-11-20,111.87
2018-11-21,113.03
2018-11-23,112.08
2018-11-26,112.55
2018-11-27,113.9
2018-11-28,116.1
2018-11-29,116.61
2018-11-30,115.49
2018-12-03,115.74
2018-12-04,112.87
2018-12-06,114.33
2018-12-07,111.98
2018-12-10,111.86
2018-12-11,111.97
2018-12-12,112.21
2018-12-13,113.39
2018-12-14,112.2
2018-12-17,110.62
2018-12-18,109.45
2018-12-19,109.22
2018-12-20,107
2018-12-21,104.22
2018-12-24,100.35
2018-12-26,105.83
2018-12-27,106.52
2018-12-28,107.3
2018-12-31,109.65
2019-01-02,108.97
2019-01-03,106.33
2019-01-04,109.61
2019-01-07,110.56
2019-01-08,111.42
2019-01-09,112.67
2019-01-10,112.8
2019-01-11,112.65
2019-01-14,112.42
2019-01-15,111.76
2019-01-16,110.91
2019-01-17,111.01
2019-01-18,111.04
2019-01-22,110.6
2019-01-23,111.12
2019-01-24,110.55
2019-01-25,111.09
2019-01-28,110.81
2019-01-29,110.9
2019-01-30,110.13
2019-01-31,111.52
2019-02-01,111.3
2019-02-04,111.8
2019-02-05,112.66
2019-02-06,111.41
2019-02-07,110.95
2019-02-08,111.51
2019-02-11,109.44
2019-02-12,109.2
2019-02-13,110.2
2019-02-14,110.66
2019-02-15,112.59
2019-02-19,113.51
2019-02-20,113.68
2019-02-21,114.29
2019-02-22,115.25
2019-02-25,113.59
2019-02-26,113.5
2019-02-27,112.78
2019-02-28,112.84
2019-03-01,114.01
2019-03-04,114.33
2019-03-05,114
2019-03-06,114.85
2019-03-07,114.01
2019-03-08,113.81
2019-03-11,114.75
2019-03-12,114.73
2019-03-13,114.09
2019-03-14,114.48
2019-03-15,114.96
2019-03-18,113.12
2019-03-19,110
2019-03-20,109.99
2019-03-21,108.66
2019-03-22,108.23
2019-03-25,107.79
2019-03-26,110.14
2019-03-27,110.28
2019-03-28,110.71
2019-03-29,111.03
2019-04-01,112.51
2019-04-02,111.96
2019-04-03,112.52
2019-04-04,114.75
2019-04-05,115
2019-04-08,114.96
2019-04-09,116.86
2019-04-10,117.16
2019-04-11,116.6
2019-04-12,130.06
2019-04-15,132.04
2019-04-16,129.9
2019-04-17,131.75
2019-04-18,132.45
2019-04-22,131.68
2019-04-23,133.36
2019-04-24,135.1
2019-04-25,137.24
2019-04-26,139.92
2019-04-29,139.3
2019-04-30,136.97
2019-05-01,136.38
2019-05-02,134.14
2019-05-03,134.33
2019-05-06,135
2019-05-07,133.44
2019-05-08,134.99
2019-05-09,133.59
2019-05-10,134.04
2019-05-13,131.34
2019-05-14,133.2
2019-05-15,134.68
2019-05-16,135.5
2019-05-17,135.04
2019-05-20,133.91
2019-05-21,134.09
2019-05-22,133.85
2019-05-23,132.73
2019-05-24,132.79
2019-05-28,132.62
2019-05-29,131.57
2019-05-30,132.2
2019-05-31,132.04
2019-06-03,132.47
2019-06-04,134.82
2019-06-05,135.94
2019-06-06,137.21
2019-06-07,138.04
2019-06-10,137.07
2019-06-11,135.08
2019-06-12,135.72
2019-06-13,141.74
2019-06-14,141.65
2019-06-17,140.97
2019-06-18,139.24
2019-06-19,140.92
2019-06-20,142.02
2019-06-21,140.23
2019-06-24,139.22
2019-06-25,139.94
2019-06-26,140.4
2019-06-27,139.3
2019-06-28,139.64
2019-07-01,141.65
2019-07-02,142.53
2019-07-03,142.98
2019-07-05,142.45
2019-07-08,141.02
2019-07-09,141.61
2019-07-10,143.54
2019-07-11,143.56
2019-07-12,144.88
2019-07-15,145.06
2019-07-16,144.3
2019-07-17,142.57
2019-07-18,141.63
2019-07-19,139.85
2019-07-22,140.84
2019-07-23,141.26
2019-07-24,141.29
2019-07-25,143.21
2019-07-26,144.65
2019-07-29,146.39
2019-07-30,144.93
2019-07-31,143.01
2019-08-01,141.85
2019-08-02,141.71
2019-08-05,138.3
2019-08-06,141.87
2019-08-07,134.86
2019-08-08,137.89
2019-08-09,138.52
2019-08-12,135.75
2019-08-13,137.01
2019-08-14,132.85
2019-08-15,133.41
2019-08-16,135.2
2019-08-19,135.29
2019-08-20,135.13
2019-08-21,135.76
2019-08-22,136.08
2019-08-23,131.67
2019-08-26,134.61
2019-08-27,134.49
2019-08-28,136.55
2019-08-29,137.84
2019-08-30,137.26
2019-09-03,136.31
2019-09-04,137.89
2019-09-05,138.84
2019-09-06,139.55
2019-09-09,138.83
2019-09-10,135.79
2019-09-11,136.19
2019-09-12,137.5
2019-09-13,138.02
2019-09-16,135.8
2019-09-17,136.31
2019-09-18,136.8
2019-09-19,133.3
2019-09-20,132.27
2019-09-23,132.46
2019-09-24,131.97
2019-09-25,133.09
2019-09-26,131.27
2019-09-27,129.96
2019-09-30,130.32
2019-10-01,129.55
2019-10-02,129.14
2019-10-03,128.15
2019-10-04,130.27
2019-10-07,130.9
2019-10-08,128.47
2019-10-09,129.33
2019-10-10,129.34
2019-10-11,130.02
2019-10-14,129.7
2019-10-15,129.76
2019-10-16,130.86
2019-10-17,132.37
2019-10-18,130.89
2019-10-21,130.26
2019-10-22,132.4
2019-10-23,131.13
2019-10-24,130.26
2019-10-25,130.9
2019-10-28,130.53
2019-10-29,129.48
2019-10-30,129.6
2019-10-31,129.92
2019-11-01,132.75
2019-11-04,132.92
2019-11-05,131.45
2019-11-06,131.27
2019-11-07,132.96
2019-11-08,137.96
2019-11-11,136.74
2019-11-12,138.58
2019-11-13,148.72
2019-11-14,147.15
2019-11-15,144.67
2019-11-18,147.65
2019-11-19,148.38
2019-11-20,146.93
2019-11-21,146.9
2019-11-22,148.29
2019-11-25,149.69
2019-11-26,151.64
2019-11-27,151.48
2019-11-29,151.58
2019-12-02,150.62
2019-12-03,148.58
2019-12-04,148.28
2019-12-05,147.44
2019-12-06,147.66
2019-12-09,146.21
2019-12-10,146.1
2019-12-11,147.59
2019-12-12,147.76
2019-12-13,146.38
2019-12-16,148.46
2019-12-17,147.73
2019-12-18,146.26
2019-12-19,146.15
2019-12-20,146.88
2019-12-23,144.68
2019-12-24,145.29
2019-12-26,145.7
2019-12-27,145.75
2019-12-30,143.77
2019-12-31,144.63
2020-01-02,148.2
2020-01-03,146.5
2020-01-06,145.65
2020-01-07,145.7
2020-01-08,145.4
2020-01-09,144.83
2020-01-10,144.62
2020-01-13,143.88
2020-01-14,145.2
2020-01-15,144.32
2020-01-16,145.12
2020-01-17,144.33
2020-01-21,143.56
2020-01-22,144.01
2020-01-23,142.2
2020-01-24,140.08
2020-01-27,135.9
2020-01-28,138.37
2020-01-29,136.06
2020-01-30,137.81
2020-01-31,138.31
2020-02-03,141.32
2020-02-04,144.73
2020-02-05,141.37
2020-02-06,142.7
2020-02-07,141.02
2020-02-10,142.59
2020-02-11,141.01
2020-02-12,141.85
2020-02-13,140.9
2020-02-14,139.54
2020-02-18,139.14
2020-02-19,141.3
2020-02-20,140.37
2020-02-21,138.97
2020-02-24,133.01
2020-02-25,128.19
2020-02-26,123.36
2020-02-27,118.04
2020-02-28,117.65
2020-03-02,119.98
2020-03-03,116.45
2020-03-04,119.18
2020-03-05,113.98
2020-03-06,115.27
2020-03-09,104.35
2020-03-10,111.46
2020-03-11,105.51
2020-03-12,91.81
2020-03-13,102.52
2020-03-16,95.01
2020-03-17,93.53
2020-03-18,88.8
2020-03-19,94.93
2020-03-20,85.98
2020-03-23,85.76
2020-03-24,98.12
2020-03-25,100.73
2020-03-26,105.36
2020-03-27,96.4
2020-03-30,99.8
2020-03-31,96.6
2020-04-01,94.92
2020-04-02,96.97
2020-04-03,93.88
2020-04-06,99.58
2020-04-07,101.24
2020-04-08,101.07
2020-04-09,104.5
2020-04-13,103.5
2020-04-14,106.03
2020-04-15,103.37
2020-04-16,102.02
2020-04-17,106.63
2020-04-20,102.26
2020-04-21,100.54
2020-04-22,100.99
2020-04-23,101
2020-04-24,101.19
2020-04-27,106.06
2020-04-28,106.21
2020-04-29,112.25
2020-04-30,108.15
2020-05-01,105.5
2020-05-04,103.18
2020-05-05,101.06
2020-05-06,100.88
2020-05-07,105.57
2020-05-08,109.16
2020-05-11,107.77
2020-05-12,104.56
2020-05-13,102.92
2020-05-14,105.91
2020-05-15,109.05
2020-05-18,116.85
2020-05-19,114.37
2020-05-20,119.92
2020-05-21,117.83
2020-05-22,118.02
2020-05-26,120.95
2020-05-27,121.53
2020-05-28,116.75
2020-05-29,117.3
2020-06-01,118.77
2020-06-02,118.75
2020-06-03,122.18
2020-06-04,123.69
2020-06-05,124.82
2020-06-08,127.28
2020-06-09,123.89
2020-06-10,122.18
2020-06-11,112.64
2020-06-12,115.49
2020-06-15,117.08
2020-06-16,118.44
2020-06-17,117.65
2020-06-18,118.37
2020-06-19,114.35
2020-06-22,115.92
2020-06-23,116.59
2020-06-24,112.07
2020-06-25,111.36
2020-06-26,109.1
2020-06-29,111.52
2020-06-30,111.51
2020-07-01,113.01
2020-07-02,112.18
2020-07-06,114.43
2020-07-07,113.63
2020-07-08,116.66
2020-07-09,116.81
2020-07-10,119.34
2020-07-13,116.22
2020-07-14,118.66
2020-07-15,120.9
2020-07-16,119.43
2020-07-17,118.65
2020-07-20,117.79
2020-07-21,118.62
2020-07-22,119.03
2020-07-23,118.12
2020-07-24,117.61
2020-07-27,116.31
2020-07-28,116.18
2020-07-29,115.61
2020-07-30,115.66
2020-07-31,116.94
2020-08-03,116.35
2020-08-04,117.29
2020-08-05,127.61
2020-08-06,130.82
2020-08-07,129.93
2020-08-10,128.79
2020-08-11,130.49
2020-08-12,131.79
2020-08-13,130.96
2020-08-14,130.53
2020-08-17,129.37
2020-08-18,128.92
2020-08-19,127.77
2020-08-20,128.12
2020-08-21,127.44
2020-08-24,130.69
2020-08-25,129.79
2020-08-26,132.18
2020-08-27,133.73
2020-08-28,135.54
2020-08-31,131.87
2020-09-01,133.55
2020-09-02,135.39
2020-09-03,133.24
2020-09-04,131.99
2020-09-08,134.2
2020-09-09,133.36
2020-09-10,133.22
2020-09-11,131.75
2020-09-14,131.25
2020-09-15,131.24
2020-09-16,132.09
2020-09-17,130.22
2020-09-18,128.63
2020-09-21,125.41
2020-09-22,127.21
2020-09-23,123.28
2020-09-24,122.49
2020-09-25,124
2020-09-28,125.99
2020-09-29,125.4
2020-09-30,124.08
2020-10-01,123.31
2020-10-02,122.55
2020-10-05,123.37
2020-10-06,120.93
2020-10-07,122.91
2020-10-08,123.09
2020-10-09,124.98
2020-10-12,124.97
2020-10-13,128.96
2020-10-14,126.59
2020-10-15,127.36
2020-10-16,126.81
2020-10-19,124.23
2020-10-20,124.95
2020-10-21,126.63
2020-10-22,127.56
2020-10-23,128.35
2020-10-26,124.06
2020-10-27,123.31
2020-10-28,118.47
2020-10-29,121.54
2020-10-30,121.25
2020-11-02,120.13
2020-11-03,124.02
2020-11-04,125.07
2020-11-05,126.96
2020-11-06,127.46
2020-11-09,142.59
2020-11-10,142.11
2020-11-11,137.82
2020-11-12,135.52
2020-11-13,138.36
2020-11-16,144.67
2020-11-17,144.5
2020-11-18,143.9
2020-11-19,141.72
2020-11-20,141.07
2020-11-23,145.98
2020-11-24,151.49
2020-11-25,149.09
2020-11-27,147.13
2020-11-30,148.01
2020-12-01,149.44
2020-12-02,153.61
2020-12-03,153.24
2020-12-04,154.14
2020-12-07,153.68
2020-12-08,153.72
2020-12-09,154.43
2020-12-10,154.69
2020-12-11,175.72
2020-12-14,169.3
2020-12-15,173.94
2020-12-16,173.12
2020-12-17,173.55
2020-12-18,172.89
2020-12-21,170.69
2020-12-22,170.45
2020-12-23,173.55
2020-12-24,173.73
2020-12-28,178.86
2020-12-29,177.3
2020-12-30,181.17
2020-12-31,181.18
2021-01-04,177.68
2021-01-05,178.44
2021-01-06,179.12
2021-01-07,178.58
2021-01-08,178.69
2021-01-11,179.09
2021-01-12,175.99
2021-01-13,176.12
2021-01-14,173.43
2021-01-15,171.44
2021-01-19,172.26
2021-01-20,173.64
2021-01-21,171.28
2021-01-22,172.78
2021-01-25,171.89
2021-01-26,169.56
2021-01-27,163.03
2021-01-28,171.88
2021-01-29,168.17
2021-02-01,170.97
2021-02-02,176.96
2021-02-03,176.43
2021-02-04,180.23
2021-02-05,181.16
2021-02-08,190
2021-02-09,188.21
2021-02-10,189.63
2021-02-11,190.91
2021-02-12,187.67
2021-02-16,186.35
2021-02-17,186.44
2021-02-18,183
2021-02-19,183.65
2021-02-22,191.76
2021-02-23,197.09
2021-02-24,197.51
2021-02-25,190.98
2021-02-26,189.04
2021-03-01,194.98
2021-03-02,193.94
2021-03-03,192.26
2021-03-04,188.03
2021-03-05,189.99
2021-03-08,201.91
2021-03-09,194.51
2021-03-10,195.06
2021-03-11,196.75
2021-03-12,197.16
2021-03-15,196.76
2021-03-16,194.24
2021-03-17,195.24
2021-03-18,192.28
2021-03-19,191.14
2021-03-22,192.86
2021-03-23,188.73
2021-03-24,184.72
2021-03-25,186.91
2021-03-26,185.92
2021-03-29,184.85
2021-03-30,185.53
2021-03-31,184.52
2021-04-01,188.97
2021-04-05,188.5
2021-04-06,189.73
2021-04-07,187.56
2021-04-08,187.32
2021-04-09,187.89
2021-04-12,186.49
2021-04-13,185.49
2021-04-14,187.46
2021-04-15,185.93
2021-04-16,187.26
2021-04-19,187.43
2021-04-20,182.79
2021-04-21,183.11
2021-04-22,182.76
2021-04-23,183.02
2021-04-26,184.27
2021-04-27,184.64
2021-04-28,183.39
2021-04-29,185.33
2021-04-30,186.02
2021-05-03,185.51
2021-05-04,184.25
2021-05-05,181.51
2021-05-06,181.79
2021-05-07,184.84
2021-05-10,184.3
2021-05-11,181.67
2021-05-12,177.85
2021-05-13,178.34
2021-05-14,173.7
2021-05-17,170.08
2021-05-18,169.68
2021-05-19,169.27
2021-05-20,171.36
2021-05-21,172.4
2021-05-24,174.31
2021-05-25,176.17
2021-05-26,176.47
2021-05-27,179.04
2021-05-28,178.65
2021-06-01,178.84
2021-06-02,177
2021-06-03,176.24
2021-06-04,177.18
2021-06-07,176.99
2021-06-08,176.33
2021-06-09,176.04
2021-06-10,176.57
2021-06-11,177.38
2021-06-14,178.18
2021-06-15,175.86
2021-06-16,174.66
2021-06-17,174.65
2021-06-18,172.42
2021-06-21,173.97
2021-06-22,173.5
2021-06-23,175.33
2021-06-24,177.93
2021-06-25,178.35
2021-06-28,176.57
2021-06-29,173.93
2021-06-30,175.77
2021-07-01,177.26
2021-07-02,177.11
2021-07-06,173.69
2021-07-07,172.82
2021-07-08,172.8
2021-07-09,177.04
2021-07-12,184.38
2021-07-13,183.65
2021-07-14,183.42
2021-07-15,184.15
2021-07-16,179.31
2021-07-19,172.95
2021-07-20,176.75
2021-07-21,176.89
2021-07-22,175.13
2021-07-23,176.14
2021-07-26,178.74
2021-07-27,179.5
2021-07-28,179.1
2021-07-29,178.35
2021-07-30,176.02
2021-08-02,175.55
2021-08-03,172.99
2021-08-04,172.58
2021-08-05,176.71
2021-08-06,177.13
2021-08-09,176.72
2021-08-10,177.07
2021-08-11,178.09
2021-08-12,179.29
2021-08-13,181.08
2021-08-16,179.09
2021-08-17,175.83
2021-08-18,174.74
2021-08-19,173.25
2021-08-20,175.12
2021-08-23,177.66
2021-08-24,178.47
2021-08-25,178.31
2021-08-26,176.56
2021-08-27,180.14
2021-08-30,179.98
2021-08-31,181.3
2021-09-01,183.48
2021-09-02,181.86
2021-09-03,181
2021-09-07,184.34
2021-09-08,185.15
2021-09-09,185.91
2021-09-10,184.12
2021-09-13,184.98
2021-09-14,182.4
2021-09-15,184.41
2021-09-16,183.34
2021-09-17,183.47
2021-09-20,178.61
2021-09-21,171.17
2021-09-22,173.65
2021-09-23,176.25
2021-09-24,176
2021-09-27,178.26
2021-09-28,174.52
2021-09-29,172.68
2021-09-30,169.17
2021-10-01,176.01
2021-10-04,173.46
2021-10-05,174.61
2021-10-06,175.48
2021-10-07,177.71
2021-10-08,176.74
2021-10-11,173.52
2021-10-12,173.13
2021-10-13,172.96
2021-10-14,174.41
2021-10-15,176.46
2021-10-18,171.14
2021-10-19,171.18
2021-10-20,170.55
2021-10-21,171.34
2021-10-22,169.42
2021-10-25,172.01
2021-10-26,172.04
2021-10-27,169.55
2021-10-28,169.68
2021-10-29,169.07
2021-11-01,170.19
2021-11-02,169.83
2021-11-03,170.08
2021-11-04,170.28
2021-11-05,175.63
2021-11-08,176.87
2021-11-09,175.11
2021-11-10,174.45
2021-11-11,162.11
2021-11-12,159.63
2021-11-15,158.43
2021-11-16,158.83
2021-11-17,157.33
2021-11-18,155.58
2021-11-19,154
2021-11-22,154.16
2021-11-23,151.03
2021-11-24,151.34
2021-11-26,148.11
2021-11-29,147.81
2021-11-30,144.9
2021-12-01,142.15
2021-12-02,147.2
2021-12-03,146.22
2021-12-06,150.37
2021-12-07,150.81
2021-12-08,153.34
2021-12-09,152.94
2021-12-10,152.71
2021-12-13,150.43
2021-12-14,149.1
2021-12-15,150.4
2021-12-16,148.75
2021-12-17,148.76
2021-12-20,146.47
2021-12-21,151.05
2021-12-22,151.88
2021-12-23,153.63
2021-12-27,152.8
2021-12-28,155.2
2021-12-29,154.87
2021-12-30,155.93
2021-12-31,154.89
2022-01-03,156.76
2022-01-04,155.73
2022-01-05,155.19
2022-01-06,156.9
2022-01-07,157.83
2022-01-10,156.6
2022-01-11,157.89
2022-01-12,157.8
2022-01-13,155.44
2022-01-14,151.94
2022-01-18,152.27
2022-01-19,150.11
2022-01-20,147.62
2022-01-21,137.38
2022-01-24,137.46
2022-01-25,136.51
2022-01-26,133.6
2022-01-27,135.42
2022-01-28,138.63
2022-01-31,142.97
2022-02-01,144.49
2022-02-02,142.62
2022-02-03,140.03
2022-02-04,142.02
2022-02-07,142.51
2022-02-08,142.48
2022-02-09,147.23
2022-02-10,152.16
2022-02-11,149.47
2022-02-14,150.85
2022-02-15,154.72
2022-02-16,156.35
2022-02-17,152.95
2022-02-18,151.36
2022-02-22,148.09
2022-02-23,145.87
2022-02-24,149.4
2022-02-25,149.53
2022-02-28,148.46
2022-03-01,145.7
2022-03-02,147.34
2022-03-03,145.57
2022-03-04,140.72
2022-03-07,133.5
2022-03-08,131.75
2022-03-09,133.65
2022-03-10,133.64
2022-03-11,131.75
2022-03-14,129.03
2022-03-15,134.2
2022-03-16,138.14
2022-03-17,139.47
2022-03-18,140.3
2022-03-21,138.62
2022-03-22,140.11
2022-03-23,137.64
2022-03-24,138.96
2022-03-25,139.14
2022-03-28,138.72
2022-03-29,142.38
2022-03-30,140.96
2022-03-31,137.16
2022-04-01,137
2022-04-04,138.58
2022-04-05,135.62
2022-04-06,132.57
2022-04-07,131.87
2022-04-08,131.87
2022-04-11,130.65
2022-04-12,130.84
2022-04-13,132.35
2022-04-14,130.47
2022-04-18,127.77
2022-04-19,131.9
2022-04-20,124.57
2022-04-21,121.66
2022-04-22,118.27
2022-04-25,119.95
2022-04-26,115.77
2022-04-27,115.21
2022-04-28,115.29
2022-04-29,111.63
2022-05-02,113.5
2022-05-03,113.55
2022-05-04,116.19
2022-05-05,112.61
2022-05-06,110.29
2022-05-09,106.98
2022-05-10,107.68
2022-05-11,105.21
2022-05-12,104.31
2022-05-13,107.33
2022-05-16,105.18
2022-05-17,108.64
2022-05-18,104.3
2022-05-19,103.14
2022-05-20,102.42
2022-05-23,105.83
2022-05-24,101.59
2022-05-25,103.26
2022-05-26,105.61
2022-05-27,109.32
2022-05-31,110.44
2022-06-01,109.19
2022-06-02,110.87
2022-06-03,108.67
2022-06-06,107.83
2022-06-07,107.79
2022-06-08,107.34
2022-06-09,103.3
2022-06-10,99.4
2022-06-13,95.71
2022-06-14,94.22
2022-06-15,95.88
2022-06-16,94.28
2022-06-17,94.34
2022-06-21,93.29
2022-06-22,93.5
2022-06-23,94.3
2022-06-24,97.78
2022-06-27,96.61
2022-06-28,95.92
2022-06-29,95.65
2022-06-30,94.4
2022-07-01,96.14
2022-07-05,97.18
2022-07-06,96.08
2022-07-07,97.43
2022-07-08,95.86
2022-07-11,93.64
2022-07-12,93.6
2022-07-13,92.94
2022-07-14,91.84
2022-07-15,95.2
2022-07-18,95.7
2022-07-19,99.61
2022-07-20,103.35
2022-07-21,104.18
2022-07-22,102.72
2022-07-25,102.69
2022-07-26,99.78
2022-07-27,103.5
2022-07-28,104.9
2022-07-29,106.1
2022-08-01,106.22
2022-08-02,104.71
2022-08-03,109.02
2022-08-04,108.12
2022-08-05,106.63
2022-08-08,109.11
2022-08-09,108.13
2022-08-10,112.43
2022-08-11,117.69
2022-08-12,121.57
2022-08-15,124.26
2022-08-16,124.96
2022-08-17,122.81
2022-08-18,122.67
2022-08-19,120.14
2022-08-22,115.94
2022-08-23,114.86
2022-08-24,116.41
2022-08-25,117.46
2022-08-26,114.07
2022-08-29,113.53
2022-08-30,112.43
2022-08-31,112.08
